Name,Price,Link,Shop
Woolworths Frozen Mixed Berries,7.40,https://www.countdown.co.nz/shop/productdetails?stockcode=260010&name=woolworths-frozen-mixed-berries,Countdown
Woolworths Puff Pastry 1kg,6.20,https://www.countdown.co.nz/shop/productdetails?stockcode=18366&name=woolworths-puff-pastry-1kg,Countdown
Easy Eats Frozen Meal Southern Fried Chicken Toppa,10.00,https://www.countdown.co.nz/shop/productdetails?stockcode=333362&name=easy-eats-frozen-meal-southern-fried-chicken-toppa,Countdown
Woolworths Frozen Blueberries,12.40,https://www.countdown.co.nz/shop/productdetails?stockcode=586516&name=woolworths-frozen-blueberries,Countdown
Woolworths Chicken Nuggets Battered,11.00,https://www.countdown.co.nz/shop/productdetails?stockcode=430564&name=woolworths-chicken-nuggets-battered,Countdown
Mccain Hash Browns Crispy & Golden,6.00,https://www.countdown.co.nz/shop/productdetails?stockcode=98299&name=mccain-hash-browns-crispy-golden,Countdown
Woolworths Frozen Mixed Vegetables,3.70,https://www.countdown.co.nz/shop/productdetails?stockcode=897151&name=woolworths-frozen-mixed-vegetables,Countdown
Woolworths Frozen Blueberries,6.99,https://www.countdown.co.nz/shop/productdetails?stockcode=260007&name=woolworths-frozen-blueberries,Countdown
Woolworths Fries Straight Cut,3.50,https://www.countdown.co.nz/shop/productdetails?stockcode=224409&name=woolworths-fries-straight-cut,Countdown
Woolworths Fries Crinkle Cut,3.50,https://www.countdown.co.nz/shop/productdetails?stockcode=224408&name=woolworths-fries-crinkle-cut,Countdown
Woolworths Frozen Mango,7.90,https://www.countdown.co.nz/shop/productdetails?stockcode=777911&name=woolworths-frozen-mango,Countdown
Mccain Frozen Corn Kernels,6.50,https://www.countdown.co.nz/shop/productdetails?stockcode=25721&name=mccain-frozen-corn-kernels,Countdown
Woolworths Frozen Chopped Spinach,3.00,https://www.countdown.co.nz/shop/productdetails?stockcode=897169&name=woolworths-frozen-chopped-spinach,Countdown
The Greater Good Pukekohe Fries Agria Crinkles Gluten Free,4.50,https://www.countdown.co.nz/shop/productdetails?stockcode=231254&name=the-greater-good-pukekohe-fries-agria-crinkles-gluten-free,Countdown
Tegel Free Range Chicken Burgers Crunchy,15.50,https://www.countdown.co.nz/shop/productdetails?stockcode=307637&name=tegel-free-range-chicken-burgers-crunchy,Countdown
Sealord Fish Fillets Hoki Classic Crumbed,7.00,https://www.countdown.co.nz/shop/productdetails?stockcode=355490&name=sealord-fish-fillets-hoki-classic-crumbed,Countdown
Mccain Pub Style Crispy Wedges Signature Seasoning,3.90,https://www.countdown.co.nz/shop/productdetails?stockcode=53205&name=mccain-pub-style-crispy-wedges-signature-seasoning,Countdown
Mccain Super Fries Shoestring,5.50,https://www.countdown.co.nz/shop/productdetails?stockcode=662937&name=mccain-super-fries-shoestring,Countdown
"Tip Top Popsicle Ice Blocks Lime, Orange & Raspberry Minis",8.30,https://www.countdown.co.nz/shop/productdetails?stockcode=475341&name=tip-top-popsicle-ice-blocks-lime-orange-raspberry-minis,Countdown
Woolworths Frozen Strawberries,7.90,https://www.countdown.co.nz/shop/productdetails?stockcode=777899&name=woolworths-frozen-strawberries,Countdown
Woolworths Fries Supreme Crunch,4.50,https://www.countdown.co.nz/shop/productdetails?stockcode=224412&name=woolworths-fries-supreme-crunch,Countdown
Mccain Frozen Green Baby Beans,3.70,https://www.countdown.co.nz/shop/productdetails?stockcode=22239&name=mccain-frozen-green-baby-beans,Countdown
Woolworths Frozen Baby Peas,1.90,https://www.countdown.co.nz/shop/productdetails?stockcode=229251&name=woolworths-frozen-baby-peas,Countdown
"Mccain Frozen Mixed Vegetables Peas, Corn & Carrots",5.00,https://www.countdown.co.nz/shop/productdetails?stockcode=113920&name=mccain-frozen-mixed-vegetables-peas-corn-carrots,Countdown
Mccain Super Fries Crinkle Cut,5.50,https://www.countdown.co.nz/shop/productdetails?stockcode=662935&name=mccain-super-fries-crinkle-cut,Countdown
Woolworths Frozen Sweet Corn Kernels,4.20,https://www.countdown.co.nz/shop/productdetails?stockcode=897154&name=woolworths-frozen-sweet-corn-kernels,Countdown
Watties Hash Bites,6.90,https://www.countdown.co.nz/shop/productdetails?stockcode=122372&name=watties-hash-bites,Countdown
Emma Janes Hash Browns Patties,8.90,https://www.countdown.co.nz/shop/productdetails?stockcode=112911&name=emma-janes-hash-browns-patties,Countdown
Prep Set Go Pumpkin Chunks,3.50,https://www.countdown.co.nz/shop/productdetails?stockcode=54136&name=prep-set-go-pumpkin-chunks,Countdown
Woolworths Frozen Peas,3.50,https://www.countdown.co.nz/shop/productdetails?stockcode=187321&name=woolworths-frozen-peas,Countdown
Woolworths Frozen Broccoli Florets,3.50,https://www.countdown.co.nz/shop/productdetails?stockcode=897155&name=woolworths-frozen-broccoli-florets,Countdown
Woolworths Sausage Rolls,8.30,https://www.countdown.co.nz/shop/productdetails?stockcode=939892&name=woolworths-sausage-rolls,Countdown
Woolworths Frozen Baby Peas,3.50,https://www.countdown.co.nz/shop/productdetails?stockcode=700435&name=woolworths-frozen-baby-peas,Countdown
Tegel Take Outs Chicken Tenders Louisiana Style,16.00,https://www.countdown.co.nz/shop/productdetails?stockcode=71227&name=tegel-take-outs-chicken-tenders-louisiana-style,Countdown
Much Moore Wonders Ice Cream Vanilla Dreamie,5.50,https://www.countdown.co.nz/shop/productdetails?stockcode=747311&name=much-moore-wonders-ice-cream-vanilla-dreamie,Countdown
Mama San Frozen Edamame Soy Beans Shelled,3.50,https://www.countdown.co.nz/shop/productdetails?stockcode=702489&name=mama-san-frozen-edamame-soy-beans-shelled,Countdown
Mccain Pub Style Extra Crispy Fries Signature Seasoning,3.90,https://www.countdown.co.nz/shop/productdetails?stockcode=822845&name=mccain-pub-style-extra-crispy-fries-signature-seasoning,Countdown
Tegel Free Range Chicken Nuggets Tempura Battered,12.00,https://www.countdown.co.nz/shop/productdetails?stockcode=307528&name=tegel-free-range-chicken-nuggets-tempura-battered,Countdown
Tip Top Popsicle Ice Blocks Lemonade Minis,8.30,https://www.countdown.co.nz/shop/productdetails?stockcode=475340&name=tip-top-popsicle-ice-blocks-lemonade-minis,Countdown
Ingham Chicken Nuggets Tempura,15.00,https://www.countdown.co.nz/shop/productdetails?stockcode=26167&name=ingham-chicken-nuggets-tempura,Countdown
Woolworths Chicken Tenders Plain,13.00,https://www.countdown.co.nz/shop/productdetails?stockcode=165364&name=woolworths-chicken-tenders-plain,Countdown
"Woolworths Frozen Chunky Mixed Vegetables Carrots, Cauliflower, Broccoli",3.70,https://www.countdown.co.nz/shop/productdetails?stockcode=897166&name=woolworths-frozen-chunky-mixed-vegetables-carrots-cauliflower-broccoli,Countdown
Tegel Free Range Chicken Tenders Southern Style,15.50,https://www.countdown.co.nz/shop/productdetails?stockcode=307516&name=tegel-free-range-chicken-tenders-southern-style,Countdown
Woolworths Fries French,3.50,https://www.countdown.co.nz/shop/productdetails?stockcode=224410&name=woolworths-fries-french,Countdown
Tegel Chicken Whole Frozen,12.60,https://www.countdown.co.nz/shop/productdetails?stockcode=265715&name=tegel-chicken-whole-frozen,Countdown
Much Moore Wonders Ice Cream Chocolate Cookies,5.50,https://www.countdown.co.nz/shop/productdetails?stockcode=747321&name=much-moore-wonders-ice-cream-chocolate-cookies,Countdown
Mccain Corn Kernels Super Juicy,3.70,https://www.countdown.co.nz/shop/productdetails?stockcode=90838&name=mccain-corn-kernels-super-juicy,Countdown
Woolworths Frozen Cauliflower Florets,3.50,https://www.countdown.co.nz/shop/productdetails?stockcode=229263&name=woolworths-frozen-cauliflower-florets,Countdown
Rangitikei Free Range Chicken Tenderloins Buttermilk,12.10,https://www.countdown.co.nz/shop/productdetails?stockcode=120033&name=rangitikei-free-range-chicken-tenderloins-buttermilk,Countdown
Woolworths Frozen Mixed Berries,15.30,https://www.countdown.co.nz/shop/productdetails?stockcode=586517&name=woolworths-frozen-mixed-berries,Countdown
Woolworths Frozen Broccoli & Cauliflower,5.20,https://www.countdown.co.nz/shop/productdetails?stockcode=897168&name=woolworths-frozen-broccoli-cauliflower,Countdown
Tegel Take Outs Chicken Burger Patties Louisiana Style,16.00,https://www.countdown.co.nz/shop/productdetails?stockcode=173697&name=tegel-take-outs-chicken-burger-patties-louisiana-style,Countdown
Woolworths Frozen Cauliflower Rice,3.30,https://www.countdown.co.nz/shop/productdetails?stockcode=673137&name=woolworths-frozen-cauliflower-rice,Countdown
Angel Bay Burger Patties Beef,14.50,https://www.countdown.co.nz/shop/productdetails?stockcode=182861&name=angel-bay-burger-patties-beef,Countdown
Frut O Ice Pops Fruit Flavoured,2.79,https://www.countdown.co.nz/shop/productdetails?stockcode=186315&name=frut-o-ice-pops-fruit-flavoured,Countdown
Tip Top Ice Cream Vanilla,6.00,https://www.countdown.co.nz/shop/productdetails?stockcode=269506&name=tip-top-ice-cream-vanilla,Countdown
Tegel Free Range Chicken Tenders Panko,15.50,https://www.countdown.co.nz/shop/productdetails?stockcode=307587&name=tegel-free-range-chicken-tenders-panko,Countdown
Mccain Pizza Family Bbq Meatlovers,7.00,https://www.countdown.co.nz/shop/productdetails?stockcode=81804&name=mccain-pizza-family-bbq-meatlovers,Countdown
Woolworths Fries Chunky Steakhouse Chips,3.50,https://www.countdown.co.nz/shop/productdetails?stockcode=224411&name=woolworths-fries-chunky-steakhouse-chips,Countdown
Sealord Fish Fillets Hoki In Pub Style Batter 450g,7.00,https://www.countdown.co.nz/shop/productdetails?stockcode=697972&name=sealord-fish-fillets-hoki-in-pub-style-batter-450g,Countdown
Waitoa Free Range Chicken Tenders Original,12.00,https://www.countdown.co.nz/shop/productdetails?stockcode=741789&name=waitoa-free-range-chicken-tenders-original,Countdown
Tegel Free Range Chicken Steaks Chargrill,15.50,https://www.countdown.co.nz/shop/productdetails?stockcode=307589&name=tegel-free-range-chicken-steaks-chargrill,Countdown
Sealord Fish Fillets Hoki Lemon Pepper Crumbed,7.00,https://www.countdown.co.nz/shop/productdetails?stockcode=355537&name=sealord-fish-fillets-hoki-lemon-pepper-crumbed,Countdown
Tasman Bay Juicies Ice Blocks Tropical,7.50,https://www.countdown.co.nz/shop/productdetails?stockcode=146149&name=tasman-bay-juicies-ice-blocks-tropical,Countdown
Emma Jane'S Pizza Loaded Cheese,5.60,https://www.countdown.co.nz/shop/productdetails?stockcode=296422&name=emma-janes-pizza-loaded-cheese,Countdown
Watties Frozen Meal Macaroni Cheese,5.00,https://www.countdown.co.nz/shop/productdetails?stockcode=270003&name=watties-frozen-meal-macaroni-cheese,Countdown
Mccain Super Fries Straight Cut,5.50,https://www.countdown.co.nz/shop/productdetails?stockcode=662933&name=mccain-super-fries-straight-cut,Countdown
Watties Shoestring Golden Fries,4.50,https://www.countdown.co.nz/shop/productdetails?stockcode=122667&name=watties-shoestring-golden-fries,Countdown
Tip Top Fruju Ice Blocks Just Juice Tropical,9.90,https://www.countdown.co.nz/shop/productdetails?stockcode=383304&name=tip-top-fruju-ice-blocks-just-juice-tropical,Countdown
Prep Set Go Frozen Sliced Capsicum,4.00,https://www.countdown.co.nz/shop/productdetails?stockcode=817508&name=prep-set-go-frozen-sliced-capsicum,Countdown
Sea Treasure Prawns Cooked Cutlets,21.00,https://www.countdown.co.nz/shop/productdetails?stockcode=432822&name=sea-treasure-prawns-cooked-cutlets,Countdown
United Food Co Bao Buns 480g,7.00,https://www.countdown.co.nz/shop/productdetails?stockcode=64667&name=united-food-co-bao-buns-480g,Countdown
The Greater Good Pukekohe Wedges Seasoned,4.50,https://www.countdown.co.nz/shop/productdetails?stockcode=231231&name=the-greater-good-pukekohe-wedges-seasoned,Countdown
Watties Classic Hash Browns,9.90,https://www.countdown.co.nz/shop/productdetails?stockcode=713843&name=watties-classic-hash-browns,Countdown
Streets Paddle Pop Ice Cream Cyclone 688ml,8.00,https://www.countdown.co.nz/shop/productdetails?stockcode=199982&name=streets-paddle-pop-ice-cream-cyclone-688ml,Countdown
Much Moore Juicy Ice Blocks Fruit Juice Mini Licks,6.00,https://www.countdown.co.nz/shop/productdetails?stockcode=239470&name=much-moore-juicy-ice-blocks-fruit-juice-mini-licks,Countdown
"Orchard Gold Smoothie Frozen Mixed Fruit Strawberry, Mango, Pineapple",14.00,https://www.countdown.co.nz/shop/productdetails?stockcode=636943&name=orchard-gold-smoothie-frozen-mixed-fruit-strawberry-mango-pineapple,Countdown
Much Moore Ice Blocks Mini Licks Mixed,6.00,https://www.countdown.co.nz/shop/productdetails?stockcode=269733&name=much-moore-ice-blocks-mini-licks-mixed,Countdown
Waitoa Free Range Gluten Free Chicken Tenders Gluten Free Original,12.00,https://www.countdown.co.nz/shop/productdetails?stockcode=937913&name=waitoa-free-range-gluten-free-chicken-tenders-gluten-free-original,Countdown
Orchard Gold Frozen Mixed Berries Premium,7.40,https://www.countdown.co.nz/shop/productdetails?stockcode=316978&name=orchard-gold-frozen-mixed-berries-premium,Countdown
Mccain Pizza Mini Cheese Margherita,8.50,https://www.countdown.co.nz/shop/productdetails?stockcode=166922&name=mccain-pizza-mini-cheese-margherita,Countdown
Woolworths Chicken Nuggets Crumbed,11.00,https://www.countdown.co.nz/shop/productdetails?stockcode=430563&name=woolworths-chicken-nuggets-crumbed,Countdown
Tip Top Ice Cream French Vanilla,6.00,https://www.countdown.co.nz/shop/productdetails?stockcode=269507&name=tip-top-ice-cream-french-vanilla,Countdown
Wattie'S Frozen Stir Fry Chinese Mixed Vegetables,5.50,https://www.countdown.co.nz/shop/productdetails?stockcode=272813&name=watties-frozen-stir-fry-chinese-mixed-vegetables,Countdown
Tip Top Ice Cream Hokey Pokey,6.00,https://www.countdown.co.nz/shop/productdetails?stockcode=269509&name=tip-top-ice-cream-hokey-pokey,Countdown
Mccain Frozen Peas,5.00,https://www.countdown.co.nz/shop/productdetails?stockcode=96215&name=mccain-frozen-peas,Countdown
Angel Bay Burger Patties Beef & Cheese,14.50,https://www.countdown.co.nz/shop/productdetails?stockcode=183097&name=angel-bay-burger-patties-beef-cheese,Countdown
Birds Eye Golden Crunch Fries Crinkles,5.99,https://www.countdown.co.nz/shop/productdetails?stockcode=757400&name=birds-eye-golden-crunch-fries-crinkles,Countdown
Angel Bay Burger Patties Angus Beef,14.00,https://www.countdown.co.nz/shop/productdetails?stockcode=184184&name=angel-bay-burger-patties-angus-beef,Countdown
Watties Crispy Crinkle Golden Chips,4.50,https://www.countdown.co.nz/shop/productdetails?stockcode=122223&name=watties-crispy-crinkle-golden-chips,Countdown
Captains Choice Fish Fingers,8.90,https://www.countdown.co.nz/shop/productdetails?stockcode=785248&name=captains-choice-fish-fingers,Countdown
The Greater Good Matamata Fries Beer Battered Steak Cut,4.50,https://www.countdown.co.nz/shop/productdetails?stockcode=230679&name=the-greater-good-matamata-fries-beer-battered-steak-cut,Countdown
Leanne'S Kitchen Dumplings Pork & Cabbage,4.00,https://www.countdown.co.nz/shop/productdetails?stockcode=487319&name=leannes-kitchen-dumplings-pork-cabbage,Countdown
Birds Eye Deli Roast Potatoes Glazed With Duck Fat,6.30,https://www.countdown.co.nz/shop/productdetails?stockcode=8052&name=birds-eye-deli-roast-potatoes-glazed-with-duck-fat,Countdown
Patties Savouries Mini Party Pies 560g,8.00,https://www.countdown.co.nz/shop/productdetails?stockcode=77888&name=patties-savouries-mini-party-pies-560g,Countdown
Much Moore Ice Blocks Mini Calci Licks Mixed,6.00,https://www.countdown.co.nz/shop/productdetails?stockcode=409021&name=much-moore-ice-blocks-mini-calci-licks-mixed,Countdown
Orchard Gold Frozen Raspberries,12.00,https://www.countdown.co.nz/shop/productdetails?stockcode=321139&name=orchard-gold-frozen-raspberries,Countdown
Tip Top Ice Cream Boysenberry Ripple,6.00,https://www.countdown.co.nz/shop/productdetails?stockcode=269508&name=tip-top-ice-cream-boysenberry-ripple,Countdown
Mccain Pizza Family Pepperoni,7.00,https://www.countdown.co.nz/shop/productdetails?stockcode=165354&name=mccain-pizza-family-pepperoni,Countdown
Mccain Pub Style Onion Rings,5.00,https://www.countdown.co.nz/shop/productdetails?stockcode=741&name=mccain-pub-style-onion-rings,Countdown
Woolworths Spring Rolls Minis 1kg,7.50,https://www.countdown.co.nz/shop/productdetails?stockcode=695442&name=woolworths-spring-rolls-minis-1kg,Countdown
Popsicle Ice Blocks Lemonade,5.00,https://www.countdown.co.nz/shop/productdetails?stockcode=269505&name=popsicle-ice-blocks-lemonade,Countdown
Mccain Pub Style Fries Beer Batter Steak Cut,5.80,https://www.countdown.co.nz/shop/productdetails?stockcode=249351&name=mccain-pub-style-fries-beer-batter-steak-cut,Countdown
Orchard Gold Smoothie Frozen Mixed Berries Mango Kiwifruit Rainbow,14.00,https://www.countdown.co.nz/shop/productdetails?stockcode=763310&name=orchard-gold-smoothie-frozen-mixed-berries-mango-kiwifruit-rainbow,Countdown
Sealord Fish Fingers Classic Crumbed Hoki 400g,8.00,https://www.countdown.co.nz/shop/productdetails?stockcode=129858&name=sealord-fish-fingers-classic-crumbed-hoki-400g,Countdown
Emma Jane'S Pizza Mozzarella & Basil Pesto,5.60,https://www.countdown.co.nz/shop/productdetails?stockcode=296401&name=emma-janes-pizza-mozzarella-basil-pesto,Countdown
Tip Top Fruju Ice Blocks Pineapple Crush,9.90,https://www.countdown.co.nz/shop/productdetails?stockcode=269515&name=tip-top-fruju-ice-blocks-pineapple-crush,Countdown
The Richmond Food Co Sausage Rolls Original,10.40,https://www.countdown.co.nz/shop/productdetails?stockcode=270218&name=the-richmond-food-co-sausage-rolls-original,Countdown
Woolworths Sausage Rolls Beef,7.90,https://www.countdown.co.nz/shop/productdetails?stockcode=270177&name=woolworths-sausage-rolls-beef,Countdown
Streets Calippo Iceblocks Mini Raspberry Pineapple,8.00,https://www.countdown.co.nz/shop/productdetails?stockcode=279904&name=streets-calippo-iceblocks-mini-raspberry-pineapple,Countdown
Emma Jane'S Mashed Potato Smooth & Creamy,6.00,https://www.countdown.co.nz/shop/productdetails?stockcode=296523&name=emma-janes-mashed-potato-smooth-creamy,Countdown
Woolworths Ice Cream French Vanilla,6.30,https://www.countdown.co.nz/shop/productdetails?stockcode=235133&name=woolworths-ice-cream-french-vanilla,Countdown
Orchard Gold Smoothie Frozen Mixed Berries,7.40,https://www.countdown.co.nz/shop/productdetails?stockcode=316973&name=orchard-gold-smoothie-frozen-mixed-berries,Countdown
Watties Classic Hash Browns,6.00,https://www.countdown.co.nz/shop/productdetails?stockcode=146741&name=watties-classic-hash-browns,Countdown
Popsicle Ice Blocks Fruit Stack,5.00,https://www.countdown.co.nz/shop/productdetails?stockcode=383015&name=popsicle-ice-blocks-fruit-stack,Countdown
Leanne'S Kitchen Dumplings Chicken & Veges,4.00,https://www.countdown.co.nz/shop/productdetails?stockcode=487318&name=leannes-kitchen-dumplings-chicken-veges,Countdown
Ice Point Party Ice,3.60,https://www.countdown.co.nz/shop/productdetails?stockcode=771412&name=ice-point-party-ice,Countdown
Auntie Dai Dumplings Pork & Garlic Chives,12.00,https://www.countdown.co.nz/shop/productdetails?stockcode=763739&name=auntie-dai-dumplings-pork-garlic-chives,Countdown
Much Moore Awesome Ice Cream Goody Gumdrops,7.49,https://www.countdown.co.nz/shop/productdetails?stockcode=262408&name=much-moore-awesome-ice-cream-goody-gumdrops,Countdown
Tip Top Ice Cream Chocolate,6.00,https://www.countdown.co.nz/shop/productdetails?stockcode=269528&name=tip-top-ice-cream-chocolate,Countdown
Tip Top Ice Cream Choc Fudge Sundae,6.00,https://www.countdown.co.nz/shop/productdetails?stockcode=477115&name=tip-top-ice-cream-choc-fudge-sundae,Countdown
Much Moore Ice Cream Wonders Strawberry Yoghurt,5.50,https://www.countdown.co.nz/shop/productdetails?stockcode=171224&name=much-moore-ice-cream-wonders-strawberry-yoghurt,Countdown
Juicy Dumplings Pork & Cabbage,6.00,https://www.countdown.co.nz/shop/productdetails?stockcode=322556&name=juicy-dumplings-pork-cabbage,Countdown
Mccain Pub Style Wedges Beer Batter,5.80,https://www.countdown.co.nz/shop/productdetails?stockcode=249344&name=mccain-pub-style-wedges-beer-batter,Countdown
Much Moore Awesome Ice Cream Foursome Family Classic,7.49,https://www.countdown.co.nz/shop/productdetails?stockcode=269494&name=much-moore-awesome-ice-cream-foursome-family-classic,Countdown
Sealord Fish Fillets Hoki Potato Crumbed,7.00,https://www.countdown.co.nz/shop/productdetails?stockcode=355540&name=sealord-fish-fillets-hoki-potato-crumbed,Countdown
Tip Top Ice Cream Orange Chocolate Chip,6.00,https://www.countdown.co.nz/shop/productdetails?stockcode=269842&name=tip-top-ice-cream-orange-chocolate-chip,Countdown
Watties Super Oven Golden Chips,4.50,https://www.countdown.co.nz/shop/productdetails?stockcode=122257&name=watties-super-oven-golden-chips,Countdown
Much Moore Ice Blocks Lemonade Minis,6.00,https://www.countdown.co.nz/shop/productdetails?stockcode=409023&name=much-moore-ice-blocks-lemonade-minis,Countdown
Mccain Frozen Peas & Corn,3.70,https://www.countdown.co.nz/shop/productdetails?stockcode=54232&name=mccain-frozen-peas-corn,Countdown
Mccain Frozen Peas & Corn,5.00,https://www.countdown.co.nz/shop/productdetails?stockcode=95871&name=mccain-frozen-peas-corn,Countdown
Angel Bay Meatballs Gourmet,14.50,https://www.countdown.co.nz/shop/productdetails?stockcode=184454&name=angel-bay-meatballs-gourmet,Countdown
Woolworths Ice Cream Neapolitan,6.30,https://www.countdown.co.nz/shop/productdetails?stockcode=235165&name=woolworths-ice-cream-neapolitan,Countdown
Woolworths Ice Cream Vanilla,6.30,https://www.countdown.co.nz/shop/productdetails?stockcode=235170&name=woolworths-ice-cream-vanilla,Countdown
Waitoa Free Range Chicken Breast Garlic Butter Kiev,12.00,https://www.countdown.co.nz/shop/productdetails?stockcode=751167&name=waitoa-free-range-chicken-breast-garlic-butter-kiev,Countdown
Frut O Splash Ice Pops Fruit Flavoured,2.79,https://www.countdown.co.nz/shop/productdetails?stockcode=186695&name=frut-o-splash-ice-pops-fruit-flavoured,Countdown
Rangitikei Free Range Karaage Chicken Chunks,12.10,https://www.countdown.co.nz/shop/productdetails?stockcode=119995&name=rangitikei-free-range-karaage-chicken-chunks,Countdown
Tip Top Popsicle Ice Blocks Fruity Tube,5.00,https://www.countdown.co.nz/shop/productdetails?stockcode=171648&name=tip-top-popsicle-ice-blocks-fruity-tube,Countdown
Emma Jane'S Pizza Pepperoni,5.60,https://www.countdown.co.nz/shop/productdetails?stockcode=296527&name=emma-janes-pizza-pepperoni,Countdown
Woolworths Chicken Bites Plain,13.00,https://www.countdown.co.nz/shop/productdetails?stockcode=165363&name=woolworths-chicken-bites-plain,Countdown
Tip Top Trumpet Ice Cream On Cone Chocolate 440ml,8.99,https://www.countdown.co.nz/shop/productdetails?stockcode=140663&name=tip-top-trumpet-ice-cream-on-cone-chocolate-440ml,Countdown
Waitoa Free Range Gluten Free Chicken Burgers Gluten Free,12.00,https://www.countdown.co.nz/shop/productdetails?stockcode=751175&name=waitoa-free-range-gluten-free-chicken-burgers-gluten-free,Countdown
Much Moore Awesome Ice Cream Cookies & Cream,7.49,https://www.countdown.co.nz/shop/productdetails?stockcode=239634&name=much-moore-awesome-ice-cream-cookies-cream,Countdown
Tegel Chicken Thighs,15.50,https://www.countdown.co.nz/shop/productdetails?stockcode=265793&name=tegel-chicken-thighs,Countdown
"Wattie'S Steam Fresh Frozen Mixed Vegetables Green Beans, Broccoli & Peas",4.00,https://www.countdown.co.nz/shop/productdetails?stockcode=469923&name=watties-steam-fresh-frozen-mixed-vegetables-green-beans-broccoli-peas,Countdown
Tip Top Trumpet Ice Cream On Cone Boysenberry 440ml,8.99,https://www.countdown.co.nz/shop/productdetails?stockcode=269517&name=tip-top-trumpet-ice-cream-on-cone-boysenberry-440ml,Countdown
Much Moore Awesome Ice Cream Salted Caramel,7.49,https://www.countdown.co.nz/shop/productdetails?stockcode=560627&name=much-moore-awesome-ice-cream-salted-caramel,Countdown
Kiwi Crush Frozen Fruit Drink Kiwifruit Concentrate Singles,6.10,https://www.countdown.co.nz/shop/productdetails?stockcode=272776&name=kiwi-crush-frozen-fruit-drink-kiwifruit-concentrate-singles,Countdown
Wattie'S Frozen Stir Fry International Mixed Vegetables,5.50,https://www.countdown.co.nz/shop/productdetails?stockcode=272815&name=watties-frozen-stir-fry-international-mixed-vegetables,Countdown
Waitoa Free Range Gluten Free Chicken Tenders Karaage With Ginger & Soy,12.00,https://www.countdown.co.nz/shop/productdetails?stockcode=194332&name=waitoa-free-range-gluten-free-chicken-tenders-karaage-with-ginger-soy,Countdown
Wattie'S Wok Creations Frozen Stir Fry Vegetables Vietnamese Style,4.30,https://www.countdown.co.nz/shop/productdetails?stockcode=273065&name=watties-wok-creations-frozen-stir-fry-vegetables-vietnamese-style,Countdown
"Juicy Dumplings Pork, Chive & Prawn",6.00,https://www.countdown.co.nz/shop/productdetails?stockcode=322098&name=juicy-dumplings-pork-chive-prawn,Countdown
"Wattie'S Steamfresh Frozen Mixed Vegetables Broccoli, Carrots & Baby Peas",4.00,https://www.countdown.co.nz/shop/productdetails?stockcode=841268&name=watties-steamfresh-frozen-mixed-vegetables-broccoli-carrots-baby-peas,Countdown
Mccain Frozen Mixed Vegetables Winter Mix,5.00,https://www.countdown.co.nz/shop/productdetails?stockcode=187532&name=mccain-frozen-mixed-vegetables-winter-mix,Countdown
Goodness Kitchen Frozen Strawberries Choc Bites,8.00,https://www.countdown.co.nz/shop/productdetails?stockcode=386026&name=goodness-kitchen-frozen-strawberries-choc-bites,Countdown
Tip Top Trumpet Ice Cream On Cone Chocolate Minis,8.99,https://www.countdown.co.nz/shop/productdetails?stockcode=383009&name=tip-top-trumpet-ice-cream-on-cone-chocolate-minis,Countdown
Sealord Fish Fillets Crmbd NZ Hoki Gluten Free 300g,7.00,https://www.countdown.co.nz/shop/productdetails?stockcode=413030&name=sealord-fish-fillets-crmbd-nz-hoki-gluten-free-300g,Countdown
Macro Organic Frozen Mango,8.10,https://www.countdown.co.nz/shop/productdetails?stockcode=815130&name=macro-organic-frozen-mango,Countdown
Sea Cuisine Prawns Raw Cutlets,23.00,https://www.countdown.co.nz/shop/productdetails?stockcode=289020&name=sea-cuisine-prawns-raw-cutlets,Countdown
Tip Top Ice Cream Jelly Tip,6.00,https://www.countdown.co.nz/shop/productdetails?stockcode=363278&name=tip-top-ice-cream-jelly-tip,Countdown
Oob Organic Frozen Raspberries Raspberries,11.70,https://www.countdown.co.nz/shop/productdetails?stockcode=792993&name=oob-organic-frozen-raspberries-raspberries,Countdown
Tegel Take Outs Chicken Tenders Nashville Style,16.00,https://www.countdown.co.nz/shop/productdetails?stockcode=119226&name=tegel-take-outs-chicken-tenders-nashville-style,Countdown
Mccain Pizza Mini Ham & Pineapple,8.50,https://www.countdown.co.nz/shop/productdetails?stockcode=9658&name=mccain-pizza-mini-ham-pineapple,Countdown
Tip Top Fruju Iceblocks Raspberry & Lime 584ml,9.90,https://www.countdown.co.nz/shop/productdetails?stockcode=54285&name=tip-top-fruju-iceblocks-raspberry-lime-584ml,Countdown
Much Moore Ice Cream Awesome Foursome Cravings,7.49,https://www.countdown.co.nz/shop/productdetails?stockcode=799723&name=much-moore-ice-cream-awesome-foursome-cravings,Countdown
Inghams Chicken Chipees,15.00,https://www.countdown.co.nz/shop/productdetails?stockcode=308682&name=inghams-chicken-chipees,Countdown
Ingham Chicken Whole Frozen,11.00,https://www.countdown.co.nz/shop/productdetails?stockcode=96019&name=ingham-chicken-whole-frozen,Countdown
Tasman Bay Juicies Ice Blocks Wildberry,7.50,https://www.countdown.co.nz/shop/productdetails?stockcode=269512&name=tasman-bay-juicies-ice-blocks-wildberry,Countdown
Mama San Frozen Edamame Soy Beans,3.60,https://www.countdown.co.nz/shop/productdetails?stockcode=702550&name=mama-san-frozen-edamame-soy-beans,Countdown
Tip Top Trumpet Ice Cream On Cone Vanilla Minis,8.99,https://www.countdown.co.nz/shop/productdetails?stockcode=383277&name=tip-top-trumpet-ice-cream-on-cone-vanilla-minis,Countdown
Leanne'S Kitchen Dumplings Pork & Prawn,4.00,https://www.countdown.co.nz/shop/productdetails?stockcode=329874&name=leannes-kitchen-dumplings-pork-prawn,Countdown
Wattie'S Wok Creations Frozen Stir Fry Vegetables Chinese Style,4.30,https://www.countdown.co.nz/shop/productdetails?stockcode=273075&name=watties-wok-creations-frozen-stir-fry-vegetables-chinese-style,Countdown
Tegel Free Range Chicken Bites Super Tasty,15.50,https://www.countdown.co.nz/shop/productdetails?stockcode=307642&name=tegel-free-range-chicken-bites-super-tasty,Countdown
Tegel Roast Chicken Breast Strips,10.00,https://www.countdown.co.nz/shop/productdetails?stockcode=117987&name=tegel-roast-chicken-breast-strips,Countdown
Howler Hot Dogs Mini Munchers,13.00,https://www.countdown.co.nz/shop/productdetails?stockcode=325798&name=howler-hot-dogs-mini-munchers,Countdown
Heritage Flaky Pastry,8.00,https://www.countdown.co.nz/shop/productdetails?stockcode=386312&name=heritage-flaky-pastry,Countdown
"Wattie'S Frozen Mixed Vegetables Green Beans, Broccoli, Carrots",5.50,https://www.countdown.co.nz/shop/productdetails?stockcode=317628&name=watties-frozen-mixed-vegetables-green-beans-broccoli-carrots,Countdown
Inghams Chicken Nuggets Gluten Free,15.00,https://www.countdown.co.nz/shop/productdetails?stockcode=641699&name=inghams-chicken-nuggets-gluten-free,Countdown
Woolworths Frozen Baby Carrots,3.30,https://www.countdown.co.nz/shop/productdetails?stockcode=897167&name=woolworths-frozen-baby-carrots,Countdown
Watties Frozen Meal Cottage Pie,5.00,https://www.countdown.co.nz/shop/productdetails?stockcode=269998&name=watties-frozen-meal-cottage-pie,Countdown
Birds Eye Golden Crunch Potato Gems,6.60,https://www.countdown.co.nz/shop/productdetails?stockcode=180109&name=birds-eye-golden-crunch-potato-gems,Countdown
Tip Top Choc Bar Ice Cream On Stick Mini,8.50,https://www.countdown.co.nz/shop/productdetails?stockcode=315121&name=tip-top-choc-bar-ice-cream-on-stick-mini,Countdown
Tip Top Trumpet Ice Cream On Cone Mint,8.99,https://www.countdown.co.nz/shop/productdetails?stockcode=799794&name=tip-top-trumpet-ice-cream-on-cone-mint,Countdown
Much Moore Ice Cream Awesome Mint & Cookies,7.49,https://www.countdown.co.nz/shop/productdetails?stockcode=170144&name=much-moore-ice-cream-awesome-mint-cookies,Countdown
Tegel Take Outs Chicken Nibbles Louisiana Style,11.70,https://www.countdown.co.nz/shop/productdetails?stockcode=237415&name=tegel-take-outs-chicken-nibbles-louisiana-style,Countdown
Wattie'S Frozen Stir Fry Mixed Vegetables Sweet & Sour,6.00,https://www.countdown.co.nz/shop/productdetails?stockcode=272835&name=watties-frozen-stir-fry-mixed-vegetables-sweet-sour,Countdown
Woolworths Frozen Diced Onion,3.80,https://www.countdown.co.nz/shop/productdetails?stockcode=666263&name=woolworths-frozen-diced-onion,Countdown
Waitoa Free Range Gluten Free Chicken Nuggets,12.00,https://www.countdown.co.nz/shop/productdetails?stockcode=493624&name=waitoa-free-range-gluten-free-chicken-nuggets,Countdown
Tegel Take Outs Chicken Patties Nashville Burger,16.00,https://www.countdown.co.nz/shop/productdetails?stockcode=237256&name=tegel-take-outs-chicken-patties-nashville-burger,Countdown
Rangitikei Free Range Korean Style Chicken,12.10,https://www.countdown.co.nz/shop/productdetails?stockcode=171919&name=rangitikei-free-range-korean-style-chicken,Countdown
Tip Top Fruju Ice Blocks Orange Rush,9.90,https://www.countdown.co.nz/shop/productdetails?stockcode=269514&name=tip-top-fruju-ice-blocks-orange-rush,Countdown
Birds Eye Golden Crunch Fries Straight Cut,5.99,https://www.countdown.co.nz/shop/productdetails?stockcode=757350&name=birds-eye-golden-crunch-fries-straight-cut,Countdown
Watties Frozen Meal Butter Chicken,5.00,https://www.countdown.co.nz/shop/productdetails?stockcode=344581&name=watties-frozen-meal-butter-chicken,Countdown
Tip Top Ice Cream Caramel Ripple,6.00,https://www.countdown.co.nz/shop/productdetails?stockcode=115180&name=tip-top-ice-cream-caramel-ripple,Countdown
Wattie'S Frozen Spinach Free Flow,3.90,https://www.countdown.co.nz/shop/productdetails?stockcode=272923&name=watties-frozen-spinach-free-flow,Countdown
Leanne'S Kitchen Dumplings Vegetarian,4.00,https://www.countdown.co.nz/shop/productdetails?stockcode=490712&name=leannes-kitchen-dumplings-vegetarian,Countdown
Woolworths Ice Cream Chocolate,6.30,https://www.countdown.co.nz/shop/productdetails?stockcode=235129&name=woolworths-ice-cream-chocolate,Countdown
Much Moore Wonders Ice Cream Wild Ambrosia,5.50,https://www.countdown.co.nz/shop/productdetails?stockcode=118097&name=much-moore-wonders-ice-cream-wild-ambrosia,Countdown
Tegel Free Range Chicken Nuggets Crumbed,12.00,https://www.countdown.co.nz/shop/productdetails?stockcode=307483&name=tegel-free-range-chicken-nuggets-crumbed,Countdown
Woolworths Frozen Mixed Fruit Tropical,7.90,https://www.countdown.co.nz/shop/productdetails?stockcode=777898&name=woolworths-frozen-mixed-fruit-tropical,Countdown
Orchard Gold Frozen Blueberries Supreme,7.40,https://www.countdown.co.nz/shop/productdetails?stockcode=316974&name=orchard-gold-frozen-blueberries-supreme,Countdown
Oob Organic Frozen Mixed Berries,9.00,https://www.countdown.co.nz/shop/productdetails?stockcode=931860&name=oob-organic-frozen-mixed-berries,Countdown
"Wattie'S Frozen Mixed Vegetables Carrots, Peas, Beans & Corn",4.70,https://www.countdown.co.nz/shop/productdetails?stockcode=272784&name=watties-frozen-mixed-vegetables-carrots-peas-beans-corn,Countdown
Mccain Ham & Pineapple Pizza Family,7.00,https://www.countdown.co.nz/shop/productdetails?stockcode=81803&name=mccain-ham-pineapple-pizza-family,Countdown
Wattie'S Frozen Mixed Vegetables Rainbow Mix,5.50,https://www.countdown.co.nz/shop/productdetails?stockcode=317629&name=watties-frozen-mixed-vegetables-rainbow-mix,Countdown
Tip Top Ice Cream Rocky Road,6.00,https://www.countdown.co.nz/shop/productdetails?stockcode=238419&name=tip-top-ice-cream-rocky-road,Countdown
Tip Top Trumpet Ice Cream On Cone Chocolate Vegan Gluten Free,8.99,https://www.countdown.co.nz/shop/productdetails?stockcode=116518&name=tip-top-trumpet-ice-cream-on-cone-chocolate-vegan-gluten-free,Countdown
Sealord Fish Fillets Tempura Battered,7.00,https://www.countdown.co.nz/shop/productdetails?stockcode=355541&name=sealord-fish-fillets-tempura-battered,Countdown
Streets Paddle Pop Ice Cream On Stick Rainbow 544ml,10.00,https://www.countdown.co.nz/shop/productdetails?stockcode=106503&name=streets-paddle-pop-ice-cream-on-stick-rainbow-544ml,Countdown
Patties Sausage Rolls Original Beef,7.50,https://www.countdown.co.nz/shop/productdetails?stockcode=30748&name=patties-sausage-rolls-original-beef,Countdown
Juicy Dumplings Chicken & Ginger,6.00,https://www.countdown.co.nz/shop/productdetails?stockcode=322703&name=juicy-dumplings-chicken-ginger,Countdown
Leaning Tower Pronto Pizza Meatlovers,1.60,https://www.countdown.co.nz/shop/productdetails?stockcode=316843&name=leaning-tower-pronto-pizza-meatlovers,Countdown
Tasman Bay Juicies Ice Blocks Lemonade Fruit Juice,7.50,https://www.countdown.co.nz/shop/productdetails?stockcode=799521&name=tasman-bay-juicies-ice-blocks-lemonade-fruit-juice,Countdown
Woolworths Fish Fillets Basa Frozen,13.00,https://www.countdown.co.nz/shop/productdetails?stockcode=445352&name=woolworths-fish-fillets-basa-frozen,Countdown
Richmond Food Co Sausage Rolls With Cheese,10.40,https://www.countdown.co.nz/shop/productdetails?stockcode=270215&name=richmond-food-co-sausage-rolls-with-cheese,Countdown
Watties Frozen Meal Beef Lasagne,5.00,https://www.countdown.co.nz/shop/productdetails?stockcode=270079&name=watties-frozen-meal-beef-lasagne,Countdown
Much Moore Awesome Ice Cream Hokey Pokey,7.49,https://www.countdown.co.nz/shop/productdetails?stockcode=117705&name=much-moore-awesome-ice-cream-hokey-pokey,Countdown
Tip Top Ice Cream Neopolitan,6.00,https://www.countdown.co.nz/shop/productdetails?stockcode=269534&name=tip-top-ice-cream-neopolitan,Countdown
Mccain Super Fries Steak Cut,5.50,https://www.countdown.co.nz/shop/productdetails?stockcode=662932&name=mccain-super-fries-steak-cut,Countdown
Woolworths NZ Free Farmed Pork Loin 500g,18.80,https://www.countdown.co.nz/shop/productdetails?stockcode=131001&name=woolworths-nz-free-farmed-pork-loin-500g,Countdown
Sealord Premium Fish Fillets NZ Hoki 3 Seed Crumb,8.00,https://www.countdown.co.nz/shop/productdetails?stockcode=840276&name=sealord-premium-fish-fillets-nz-hoki-3-seed-crumb,Countdown
Tip Top Trumpet Ice Cream On Cone Vegan Boysenberry,8.99,https://www.countdown.co.nz/shop/productdetails?stockcode=54284&name=tip-top-trumpet-ice-cream-on-cone-vegan-boysenberry,Countdown
Sea Cuisine Prawns Cooked & Peeled,15.00,https://www.countdown.co.nz/shop/productdetails?stockcode=780084&name=sea-cuisine-prawns-cooked-peeled,Countdown
Much Moore Wonders Ice Cream Mango Passion Yoghurt,5.50,https://www.countdown.co.nz/shop/productdetails?stockcode=239588&name=much-moore-wonders-ice-cream-mango-passion-yoghurt,Countdown
Woolworths Frozen Cherries,7.90,https://www.countdown.co.nz/shop/productdetails?stockcode=777912&name=woolworths-frozen-cherries,Countdown
Magnum Mini Ice Cream On Stick Classic,8.00,https://www.countdown.co.nz/shop/productdetails?stockcode=153676&name=magnum-mini-ice-cream-on-stick-classic,Countdown
Essentials Frozen Cross Cut Green Beans,4.00,https://www.countdown.co.nz/shop/productdetails?stockcode=708205&name=essentials-frozen-cross-cut-green-beans,Countdown
The Cool Gardener Frozen Meal Falafel,11.00,https://www.countdown.co.nz/shop/productdetails?stockcode=137967&name=the-cool-gardener-frozen-meal-falafel,Countdown
Bulla Fruit N Frozen Yoghurt Minis,9.50,https://www.countdown.co.nz/shop/productdetails?stockcode=279664&name=bulla-fruit-n-frozen-yoghurt-minis,Countdown
Auntie Dai Dumplings Pork & Coriander,12.00,https://www.countdown.co.nz/shop/productdetails?stockcode=742397&name=auntie-dai-dumplings-pork-coriander,Countdown
Little Chef Spring Roll Pastry 330g,4.49,https://www.countdown.co.nz/shop/productdetails?stockcode=272783&name=little-chef-spring-roll-pastry-330g,Countdown
Tasman Bay Juicies Ice Blocks Orange Fruit Juice Bar,7.50,https://www.countdown.co.nz/shop/productdetails?stockcode=379514&name=tasman-bay-juicies-ice-blocks-orange-fruit-juice-bar,Countdown
Shore Mariner Salmon Portions,14.00,https://www.countdown.co.nz/shop/productdetails?stockcode=435067&name=shore-mariner-salmon-portions,Countdown
Chicago Pizza Mini Meatlovers,2.00,https://www.countdown.co.nz/shop/productdetails?stockcode=579180&name=chicago-pizza-mini-meatlovers,Countdown
"Wattie'S Frozen Chunky Mixed Vegetables Carrots, Cauliflower, Broccoli",5.50,https://www.countdown.co.nz/shop/productdetails?stockcode=272819&name=watties-frozen-chunky-mixed-vegetables-carrots-cauliflower-broccoli,Countdown
Tegel Take Outs Chicken Portions Louisiana Style,16.00,https://www.countdown.co.nz/shop/productdetails?stockcode=71375&name=tegel-take-outs-chicken-portions-louisiana-style,Countdown
Borg'S Puff Pastry Blocks,4.00,https://www.countdown.co.nz/shop/productdetails?stockcode=361512&name=borgs-puff-pastry-blocks,Countdown
Much Moore Premium Ice Cream Boysenberry Stracciatella,7.49,https://www.countdown.co.nz/shop/productdetails?stockcode=53604&name=much-moore-premium-ice-cream-boysenberry-stracciatella,Countdown
Tegel Free Range Chicken Nuggets Tempura Battered Gluten Free,11.00,https://www.countdown.co.nz/shop/productdetails?stockcode=307588&name=tegel-free-range-chicken-nuggets-tempura-battered-gluten-free,Countdown
Kungfood Steam Buns Bbq Pork 400g,8.50,https://www.countdown.co.nz/shop/productdetails?stockcode=651552&name=kungfood-steam-buns-bbq-pork-400g,Countdown
Sailor'S Choice Raw Prawns Cutlets,13.00,https://www.countdown.co.nz/shop/productdetails?stockcode=237471&name=sailors-choice-raw-prawns-cutlets,Countdown
